<?xml version="1.0" encoding="UTF-8"?>
<project-private xmlns="http://www.netbeans.org/ns/project-private/1">
    <editor-bookmarks xmlns="http://www.netbeans.org/ns/editor-bookmarks/2" lastBookmarkId="0"/>
    <open-files xmlns="http://www.netbeans.org/ns/projectui-open-files/2">
        <group>
            <file>file:/C:/Users/Rodri/Documents/NetBeansProjects/GestionPersonal/src/Dominio/Persona.java</file>
            <file>file:/C:/Users/Rodri/Documents/NetBeansProjects/GestionPersonal/src/Interfaz/inicio.java</file>
            <file>file:/C:/Users/Rodri/Documents/NetBeansProjects/GestionPersonal/src/Interfaz/registroPuesto.java</file>
            <file>file:/C:/Users/Rodri/Documents/NetBeansProjects/GestionPersonal/src/Interfaz/registroTematica.java</file>
            <file>file:/C:/Users/Rodri/Documents/NetBeansProjects/GestionPersonal/src/Dominio/Experiencia.java</file>
            <file>file:/C:/Users/Rodri/Documents/NetBeansProjects/GestionPersonal/src/gestionpersonal/GestionPersonal.java</file>
            <file>file:/C:/Users/Rodri/Documents/NetBeansProjects/GestionPersonal/src/Dominio/Tematica.java</file>
            <file>file:/C:/Users/Rodri/Documents/NetBeansProjects/GestionPersonal/src/Exceptions/Exception_DuplicateName.java</file>
            <file>file:/C:/Users/Rodri/Documents/NetBeansProjects/GestionPersonal/src/Dominio/Puesto.java</file>
            <file>file:/C:/Users/Rodri/Documents/NetBeansProjects/GestionPersonal/src/Dominio/Sistema.java</file>
        </group>
    </open-files>
</project-private>
